<ImportExportXml version="9.1.0.4832" SolutionPackageVersion="9.1" languagecode="1033" generatedBy="CrmLive" xmlns:xsi="http://www.w3.org/2001/XMLSchema-instance">
  <SolutionManifest>
    <UniqueName>ATPDemo</UniqueName>
    <LocalizedNames />
    <Descriptions />
    <Version>1.0</Version>
    <Managed>1</Managed>
    <Publisher>
      <UniqueName>DefaultPublisheridocustomerservice</UniqueName>
      <LocalizedNames>
        <LocalizedName description="Default Publisher for idocustomerservice" languagecode="1033" />
      </LocalizedNames>
      <Descriptions>
        <Description description="Default publisher for this organization" languagecode="1033" />
      </Descriptions>
      <EMailAddress xsi:nil="true"></EMailAddress>
      <SupportingWebsiteUrl xsi:nil="true"></SupportingWebsiteUrl>
      <CustomizationPrefix>new</CustomizationPrefix>
      <CustomizationOptionValuePrefix>10000</CustomizationOptionValuePrefix>
      <Addresses>
        <Address>
          <AddressNumber>1</AddressNumber>
          <AddressTypeCode xsi:nil="true"></AddressTypeCode>
          <City xsi:nil="true"></City>
          <County xsi:nil="true"></County>
          <Country xsi:nil="true"></Country>
          <Fax xsi:nil="true"></Fax>
          <FreightTermsCode xsi:nil="true"></FreightTermsCode>
          <ImportSequenceNumber xsi:nil="true"></ImportSequenceNumber>
          <Latitude xsi:nil="true"></Latitude>
          <Line1 xsi:nil="true"></Line1>
          <Line2 xsi:nil="true"></Line2>
          <Line3 xsi:nil="true"></Line3>
          <Longitude xsi:nil="true"></Longitude>
          <Name xsi:nil="true"></Name>
          <PostalCode xsi:nil="true"></PostalCode>
          <PostOfficeBox xsi:nil="true"></PostOfficeBox>
          <PrimaryContactName xsi:nil="true"></PrimaryContactName>
          <ShippingMethodCode xsi:nil="true"></ShippingMethodCode>
          <StateOrProvince xsi:nil="true"></StateOrProvince>
          <Telephone1 xsi:nil="true"></Telephone1>
          <Telephone2 xsi:nil="true"></Telephone2>
          <Telephone3 xsi:nil="true"></Telephone3>
          <TimeZoneRuleVersionNumber xsi:nil="true"></TimeZoneRuleVersionNumber>
          <UPSZone xsi:nil="true"></UPSZone>
          <UTCOffset xsi:nil="true"></UTCOffset>
          <UTCConversionTimeZoneCode xsi:nil="true"></UTCConversionTimeZoneCode>
        </Address>
        <Address>
          <AddressNumber>2</AddressNumber>
          <AddressTypeCode xsi:nil="true"></AddressTypeCode>
          <City xsi:nil="true"></City>
          <County xsi:nil="true"></County>
          <Country xsi:nil="true"></Country>
          <Fax xsi:nil="true"></Fax>
          <FreightTermsCode xsi:nil="true"></FreightTermsCode>
          <ImportSequenceNumber xsi:nil="true"></ImportSequenceNumber>
          <Latitude xsi:nil="true"></Latitude>
          <Line1 xsi:nil="true"></Line1>
          <Line2 xsi:nil="true"></Line2>
          <Line3 xsi:nil="true"></Line3>
          <Longitude xsi:nil="true"></Longitude>
          <Name xsi:nil="true"></Name>
          <PostalCode xsi:nil="true"></PostalCode>
          <PostOfficeBox xsi:nil="true"></PostOfficeBox>
          <PrimaryContactName xsi:nil="true"></PrimaryContactName>
          <ShippingMethodCode xsi:nil="true"></ShippingMethodCode>
          <StateOrProvince xsi:nil="true"></StateOrProvince>
          <Telephone1 xsi:nil="true"></Telephone1>
          <Telephone2 xsi:nil="true"></Telephone2>
          <Telephone3 xsi:nil="true"></Telephone3>
          <TimeZoneRuleVersionNumber xsi:nil="true"></TimeZoneRuleVersionNumber>
          <UPSZone xsi:nil="true"></UPSZone>
          <UTCOffset xsi:nil="true"></UTCOffset>
          <UTCConversionTimeZoneCode xsi:nil="true"></UTCConversionTimeZoneCode>
        </Address>
      </Addresses>
    </Publisher>
    <RootComponents>
      <RootComponent type="1" schemaName="incident" behavior="2" />
      <RootComponent type="1" schemaName="new_vipsecurityincidentworkflow" behavior="0" />
      <RootComponent type="29" id="{b5c7ad29-aab6-4f2b-9d9c-2920b63f5ccf}" behavior="0" />
      <RootComponent type="29" id="{e94dfc7d-fcbb-4260-83c3-2d1b09d892c1}" behavior="0" />
      <RootComponent type="60" id="{e62b22e3-ee2a-4c72-a5b5-e4b4640acbda}" behavior="0" />
      <RootComponent type="61" schemaName="new_DynamicsIR" behavior="0" />
      <RootComponent type="62" schemaName="new_DynamicsIR" behavior="0" />
      <RootComponent type="80" schemaName="new_DynamicsIR" behavior="0" />
    </RootComponents>
    <MissingDependencies>
      <MissingDependency>
        <Required key="0" type="1" schemaName="incident" displayName="Case" solution="msdynce_Service (9.0.5.56)" />
        <Dependent key="1" type="2" schemaName="new_atpverdict" displayName="Verdict" parentSchemaName="incident" parentDisplayName="Case" />
      </MissingDependency>
      <MissingDependency>
        <Required key="0" type="1" schemaName="incident" displayName="Case" solution="msdynce_Service (9.0.5.56)" />
        <Dependent key="2" type="2" schemaName="new_notifymanagement" displayName="Notify Manager" parentSchemaName="incident" parentDisplayName="Case" />
      </MissingDependency>
      <MissingDependency>
        <Required key="0" type="1" schemaName="incident" displayName="Case" solution="msdynce_Service (9.0.5.56)" />
        <Dependent key="3" type="2" schemaName="new_atpresponseaction" displayName="Response Action" parentSchemaName="incident" parentDisplayName="Case" />
      </MissingDependency>
      <MissingDependency>
        <Required key="0" type="1" schemaName="incident" displayName="Case" solution="msdynce_Service (9.0.5.56)" />
        <Dependent key="4" type="2" schemaName="new_truepositive" displayName="True Positive" parentSchemaName="incident" parentDisplayName="Case" />
      </MissingDependency>
      <MissingDependency>
        <Required key="0" type="1" schemaName="incident" displayName="Case" solution="msdynce_Service (9.0.5.56)" />
        <Dependent key="5" type="2" schemaName="new_atpurl" displayName="ATPURL" parentSchemaName="incident" parentDisplayName="Case" />
      </MissingDependency>
      <MissingDependency>
        <Required key="0" type="1" schemaName="incident" displayName="Case" solution="msdynce_Service (9.0.5.56)" />
        <Dependent key="6" type="2" schemaName="new_createdbyatpintegration" displayName="Created by ATP Integration" parentSchemaName="incident" parentDisplayName="Case" />
      </MissingDependency>
      <MissingDependency>
        <Required key="0" type="1" schemaName="incident" displayName="Case" solution="msdynce_Service (9.0.5.56)" />
        <Dependent key="7" type="60" displayName="VIP Security Incident" parentDisplayName="Case" id="{e62b22e3-ee2a-4c72-a5b5-e4b4640acbda}" />
      </MissingDependency>
      <MissingDependency>
        <Required key="0" type="1" schemaName="incident" displayName="Case" solution="msdynce_Service (9.0.5.56)" />
        <Dependent key="8" type="62" schemaName="new_DynamicsIR" />
      </MissingDependency>
      <MissingDependency>
        <Required key="0" type="1" schemaName="incident" displayName="Case" solution="msdynce_Service (9.0.5.56)" />
        <Dependent key="9" type="29" displayName="Case Creation - Trigger VIP Action Business Process Flow" id="{b5c7ad29-aab6-4f2b-9d9c-2920b63f5ccf}" />
      </MissingDependency>
      <MissingDependency>
        <Required key="0" type="1" schemaName="incident" displayName="Case" solution="msdynce_Service (9.0.5.56)" />
        <Dependent key="10" type="29" displayName="VIP Security Incident Workflow" id="{e94dfc7d-fcbb-4260-83c3-2d1b09d892c1}" />
      </MissingDependency>
      <MissingDependency>
        <Required key="0" type="1" schemaName="incident" displayName="Case" solution="msdynce_Service (9.0.5.56)" />
        <Dependent key="11" type="26" schemaName="Active VIP Security Incident Workflow on my Cases" displayName="Active VIP Security Incident Workflow on my Cases" parentSchemaName="new_vipsecurityincidentworkflow" parentDisplayName="VIP Security Incident Workflow" id="{a745cbea-921b-4c86-b45e-dea0c73eddbd}" />
      </MissingDependency>
      <MissingDependency>
        <Required key="0" type="1" schemaName="incident" displayName="Case" solution="msdynce_Service (9.0.5.56)" />
        <Dependent key="12" type="10" schemaName="bpf_incident_new_vipsecurityincidentworkflow" displayName="bpf_incident_new_vipsecurityincidentworkflow" parentSchemaName="new_vipsecurityincidentworkflow" parentDisplayName="VIP Security Incident Workflow" />
      </MissingDependency>
      <MissingDependency>
        <Required key="0" type="1" schemaName="incident" displayName="Case" solution="msdynce_Service (9.0.5.56)" />
        <Dependent key="13" type="80" schemaName="new_DynamicsIR" displayName="Dynamics IR" />
      </MissingDependency>
      <MissingDependency>
        <Required key="0" type="1" schemaName="incident" displayName="Case" solution="msdynce_Service (9.0.5.56)" />
        <Dependent key="14" type="26" schemaName="Inactive VIP Security Incident Workflow on my Cases" displayName="Inactive VIP Security Incident Workflow on my Cases" parentSchemaName="new_vipsecurityincidentworkflow" parentDisplayName="VIP Security Incident Workflow" id="{6aafc936-f2bb-40be-a0ff-b580c0e55816}" />
      </MissingDependency>
      <MissingDependency>
        <Required key="15" type="1" schemaName="msdyn_agreementinvoicesetup" displayName="Agreement Invoice Setup" solution="FieldService (7.5.0.60)" />
        <Dependent key="13" type="80" schemaName="new_DynamicsIR" displayName="Dynamics IR" />
      </MissingDependency>
      <MissingDependency>
        <Required key="16" type="1" schemaName="msdyn_bpf_baa0a411a239410cb8bded8b5fdd88e3" displayName="Agreement Business Process" solution="FieldService (7.5.0.60)" />
        <Dependent key="13" type="80" schemaName="new_DynamicsIR" displayName="Dynamics IR" />
      </MissingDependency>
      <MissingDependency>
        <Required key="17" type="1" schemaName="msdyn_agreementbookingsetup" displayName="Agreement Booking Setup" solution="FieldService (7.5.0.60)" />
        <Dependent key="13" type="80" schemaName="new_DynamicsIR" displayName="Dynamics IR" />
      </MissingDependency>
      <MissingDependency>
        <Required key="18" type="1" schemaName="msdyn_agreement" displayName="Agreement" solution="FieldService (7.5.0.60)" />
        <Dependent key="13" type="80" schemaName="new_DynamicsIR" displayName="Dynamics IR" />
      </MissingDependency>
      <MissingDependency>
        <Required key="0" type="1" schemaName="incident" displayName="Case" solution="msdynce_Service (9.0.5.56)" />
        <Dependent key="0" type="1" schemaName="incident" displayName="Case" />
      </MissingDependency>
      <MissingDependency>
        <Required key="19" type="1" schemaName="contract" displayName="Contract" solution="msdynce_Service (9.0.5.56)" />
        <Dependent key="7" type="60" displayName="VIP Security Incident" parentDisplayName="Case" id="{e62b22e3-ee2a-4c72-a5b5-e4b4640acbda}" />
      </MissingDependency>
      <MissingDependency>
        <Required key="20" type="1" schemaName="knowledgearticleincident" displayName="Knowledge Article Incident" solution="msdynce_Service (9.0.5.56)" />
        <Dependent key="7" type="60" displayName="VIP Security Incident" parentDisplayName="Case" id="{e62b22e3-ee2a-4c72-a5b5-e4b4640acbda}" />
      </MissingDependency>
      <MissingDependency>
        <Required key="21" type="2" schemaName="primarycontactid" displayName="Contact" parentSchemaName="incident" parentDisplayName="Case" solution="msdynce_Service (9.0.5.56)" />
        <Dependent key="7" type="60" displayName="VIP Security Incident" parentDisplayName="Case" id="{e62b22e3-ee2a-4c72-a5b5-e4b4640acbda}" />
      </MissingDependency>
      <MissingDependency>
        <Required key="22" type="2" schemaName="contractdetailid" displayName="Contract Line" parentSchemaName="incident" parentDisplayName="Case" solution="msdynce_Service (9.0.5.56)" />
        <Dependent key="7" type="60" displayName="VIP Security Incident" parentDisplayName="Case" id="{e62b22e3-ee2a-4c72-a5b5-e4b4640acbda}" />
      </MissingDependency>
      <MissingDependency>
        <Required key="23" type="2" schemaName="statuscode" displayName="Status Reason" parentSchemaName="incident" parentDisplayName="Case" solution="msdynce_Service (9.0.5.56)" />
        <Dependent key="7" type="60" displayName="VIP Security Incident" parentDisplayName="Case" id="{e62b22e3-ee2a-4c72-a5b5-e4b4640acbda}" />
      </MissingDependency>
      <MissingDependency>
        <Required key="24" type="2" schemaName="subjectid" displayName="Subject" parentSchemaName="incident" parentDisplayName="Case" solution="msdynce_Service (9.0.5.56)" />
        <Dependent key="7" type="60" displayName="VIP Security Incident" parentDisplayName="Case" id="{e62b22e3-ee2a-4c72-a5b5-e4b4640acbda}" />
      </MissingDependency>
      <MissingDependency>
        <Required key="25" type="2" schemaName="title" displayName="Case Title" parentSchemaName="incident" parentDisplayName="Case" solution="msdynce_Service (9.0.5.56)" />
        <Dependent key="26" type="60" displayName="Information" parentDisplayName="VIP Security Incident Workflow" id="{6c3cccb4-0cd4-4136-b03d-4060d5d5e11c}" />
      </MissingDependency>
      <MissingDependency>
        <Required key="27" type="2" schemaName="productserialnumber" displayName="Serial Number" parentSchemaName="incident" parentDisplayName="Case" solution="msdynce_Service (9.0.5.56)" />
        <Dependent key="7" type="60" displayName="VIP Security Incident" parentDisplayName="Case" id="{e62b22e3-ee2a-4c72-a5b5-e4b4640acbda}" />
      </MissingDependency>
      <MissingDependency>
        <Required key="28" type="2" schemaName="customerid" displayName="Customer" parentSchemaName="incident" parentDisplayName="Case" solution="msdynce_Service (9.0.5.56)" />
        <Dependent key="7" type="60" displayName="VIP Security Incident" parentDisplayName="Case" id="{e62b22e3-ee2a-4c72-a5b5-e4b4640acbda}" />
      </MissingDependency>
      <MissingDependency>
        <Required key="29" type="2" schemaName="entitlementid" displayName="Entitlement" parentSchemaName="incident" parentDisplayName="Case" solution="msdynce_Service (9.0.5.56)" />
        <Dependent key="7" type="60" displayName="VIP Security Incident" parentDisplayName="Case" id="{e62b22e3-ee2a-4c72-a5b5-e4b4640acbda}" />
      </MissingDependency>
      <MissingDependency>
        <Required key="30" type="2" schemaName="responseby" displayName="First Response By" parentSchemaName="incident" parentDisplayName="Case" solution="msdynce_Service (9.0.5.56)" />
        <Dependent key="7" type="60" displayName="VIP Security Incident" parentDisplayName="Case" id="{e62b22e3-ee2a-4c72-a5b5-e4b4640acbda}" />
      </MissingDependency>
      <MissingDependency>
        <Required key="31" type="2" schemaName="firstresponsebykpiid" displayName="First Response By KPI" parentSchemaName="incident" parentDisplayName="Case" solution="msdynce_Service (9.0.5.56)" />
        <Dependent key="7" type="60" displayName="VIP Security Incident" parentDisplayName="Case" id="{e62b22e3-ee2a-4c72-a5b5-e4b4640acbda}" />
      </MissingDependency>
      <MissingDependency>
        <Required key="32" type="2" schemaName="kbarticleid" displayName="Knowledge Base Article" parentSchemaName="incident" parentDisplayName="Case" solution="msdynce_Service (9.0.5.56)" />
        <Dependent key="7" type="60" displayName="VIP Security Incident" parentDisplayName="Case" id="{e62b22e3-ee2a-4c72-a5b5-e4b4640acbda}" />
      </MissingDependency>
      <MissingDependency>
        <Required key="33" type="2" schemaName="caseorigincode" displayName="Origin" parentSchemaName="incident" parentDisplayName="Case" solution="msdynce_Service (9.0.5.56)" />
        <Dependent key="7" type="60" displayName="VIP Security Incident" parentDisplayName="Case" id="{e62b22e3-ee2a-4c72-a5b5-e4b4640acbda}" />
      </MissingDependency>
      <MissingDependency>
        <Required key="34" type="2" schemaName="customersatisfactioncode" displayName="Satisfaction" parentSchemaName="incident" parentDisplayName="Case" solution="msdynce_Service (9.0.5.56)" />
        <Dependent key="7" type="60" displayName="VIP Security Incident" parentDisplayName="Case" id="{e62b22e3-ee2a-4c72-a5b5-e4b4640acbda}" />
      </MissingDependency>
      <MissingDependency>
        <Required key="35" type="2" schemaName="contractid" displayName="Contract" parentSchemaName="incident" parentDisplayName="Case" solution="msdynce_Service (9.0.5.56)" />
        <Dependent key="7" type="60" displayName="VIP Security Incident" parentDisplayName="Case" id="{e62b22e3-ee2a-4c72-a5b5-e4b4640acbda}" />
      </MissingDependency>
      <MissingDependency>
        <Required key="36" type="2" schemaName="statecode" displayName="Status" parentSchemaName="incident" parentDisplayName="Case" solution="msdynce_Service (9.0.5.56)" />
        <Dependent key="7" type="60" displayName="VIP Security Incident" parentDisplayName="Case" id="{e62b22e3-ee2a-4c72-a5b5-e4b4640acbda}" />
      </MissingDependency>
      <MissingDependency>
        <Required key="37" type="2" schemaName="ownerid" displayName="Owner" parentSchemaName="incident" parentDisplayName="Case" solution="msdynce_Service (9.0.5.56)" />
        <Dependent key="7" type="60" displayName="VIP Security Incident" parentDisplayName="Case" id="{e62b22e3-ee2a-4c72-a5b5-e4b4640acbda}" />
      </MissingDependency>
      <MissingDependency>
        <Required key="38" type="2" schemaName="actualserviceunits" displayName="Actual Service Units" parentSchemaName="incident" parentDisplayName="Case" solution="msdynce_Service (9.0.5.56)" />
        <Dependent key="7" type="60" displayName="VIP Security Incident" parentDisplayName="Case" id="{e62b22e3-ee2a-4c72-a5b5-e4b4640acbda}" />
      </MissingDependency>
      <MissingDependency>
        <Required key="39" type="2" schemaName="contractservicelevelcode" displayName="Service Level" parentSchemaName="incident" parentDisplayName="Case" solution="msdynce_Service (9.0.5.56)" />
        <Dependent key="7" type="60" displayName="VIP Security Incident" parentDisplayName="Case" id="{e62b22e3-ee2a-4c72-a5b5-e4b4640acbda}" />
      </MissingDependency>
      <MissingDependency>
        <Required key="40" type="2" schemaName="escalatedon" displayName="Escalated On" parentSchemaName="incident" parentDisplayName="Case" solution="msdynce_Service (9.0.5.56)" />
        <Dependent key="7" type="60" displayName="VIP Security Incident" parentDisplayName="Case" id="{e62b22e3-ee2a-4c72-a5b5-e4b4640acbda}" />
      </MissingDependency>
      <MissingDependency>
        <Required key="41" type="2" schemaName="description" displayName="Description" parentSchemaName="incident" parentDisplayName="Case" solution="msdynce_Service (9.0.5.56)" />
        <Dependent key="7" type="60" displayName="VIP Security Incident" parentDisplayName="Case" id="{e62b22e3-ee2a-4c72-a5b5-e4b4640acbda}" />
      </MissingDependency>
      <MissingDependency>
        <Required key="25" type="2" schemaName="title" displayName="Case Title" parentSchemaName="incident" parentDisplayName="Case" solution="msdynce_Service (9.0.5.56)" />
        <Dependent key="7" type="60" displayName="VIP Security Incident" parentDisplayName="Case" id="{e62b22e3-ee2a-4c72-a5b5-e4b4640acbda}" />
      </MissingDependency>
      <MissingDependency>
        <Required key="42" type="2" schemaName="parentcaseid" displayName="Parent Case" parentSchemaName="incident" parentDisplayName="Case" solution="msdynce_Service (9.0.5.56)" />
        <Dependent key="7" type="60" displayName="VIP Security Incident" parentDisplayName="Case" id="{e62b22e3-ee2a-4c72-a5b5-e4b4640acbda}" />
      </MissingDependency>
      <MissingDependency>
        <Required key="43" type="2" schemaName="productid" displayName="Product" parentSchemaName="incident" parentDisplayName="Case" solution="msdynce_Service (9.0.5.56)" />
        <Dependent key="7" type="60" displayName="VIP Security Incident" parentDisplayName="Case" id="{e62b22e3-ee2a-4c72-a5b5-e4b4640acbda}" />
      </MissingDependency>
      <MissingDependency>
        <Required key="44" type="2" schemaName="firstresponsesent" displayName="First Response Sent" parentSchemaName="incident" parentDisplayName="Case" solution="msdynce_Service (9.0.5.56)" />
        <Dependent key="7" type="60" displayName="VIP Security Incident" parentDisplayName="Case" id="{e62b22e3-ee2a-4c72-a5b5-e4b4640acbda}" />
      </MissingDependency>
      <MissingDependency>
        <Required key="45" type="2" schemaName="casetypecode" displayName="Case Type" parentSchemaName="incident" parentDisplayName="Case" solution="msdynce_Service (9.0.5.56)" />
        <Dependent key="7" type="60" displayName="VIP Security Incident" parentDisplayName="Case" id="{e62b22e3-ee2a-4c72-a5b5-e4b4640acbda}" />
      </MissingDependency>
      <MissingDependency>
        <Required key="46" type="2" schemaName="prioritycode" displayName="Priority" parentSchemaName="incident" parentDisplayName="Case" solution="msdynce_Service (9.0.5.56)" />
        <Dependent key="7" type="60" displayName="VIP Security Incident" parentDisplayName="Case" id="{e62b22e3-ee2a-4c72-a5b5-e4b4640acbda}" />
      </MissingDependency>
      <MissingDependency>
        <Required key="47" type="2" schemaName="resolveby" displayName="Resolve By" parentSchemaName="incident" parentDisplayName="Case" solution="msdynce_Service (9.0.5.56)" />
        <Dependent key="7" type="60" displayName="VIP Security Incident" parentDisplayName="Case" id="{e62b22e3-ee2a-4c72-a5b5-e4b4640acbda}" />
      </MissingDependency>
      <MissingDependency>
        <Required key="48" type="2" schemaName="ticketnumber" displayName="Case Number" parentSchemaName="incident" parentDisplayName="Case" solution="msdynce_Service (9.0.5.56)" />
        <Dependent key="7" type="60" displayName="VIP Security Incident" parentDisplayName="Case" id="{e62b22e3-ee2a-4c72-a5b5-e4b4640acbda}" />
      </MissingDependency>
      <MissingDependency>
        <Required key="49" type="2" schemaName="createdon" displayName="Created On" parentSchemaName="incident" parentDisplayName="Case" solution="msdynce_Service (9.0.5.56)" />
        <Dependent key="7" type="60" displayName="VIP Security Incident" parentDisplayName="Case" id="{e62b22e3-ee2a-4c72-a5b5-e4b4640acbda}" />
      </MissingDependency>
      <MissingDependency>
        <Required key="50" type="2" schemaName="resolvebykpiid" displayName="Resolve By KPI" parentSchemaName="incident" parentDisplayName="Case" solution="msdynce_Service (9.0.5.56)" />
        <Dependent key="7" type="60" displayName="VIP Security Incident" parentDisplayName="Case" id="{e62b22e3-ee2a-4c72-a5b5-e4b4640acbda}" />
      </MissingDependency>
      <MissingDependency>
        <Required key="25" type="2" schemaName="title" displayName="Case Title" parentSchemaName="incident" parentDisplayName="Case" solution="msdynce_Service (9.0.5.56)" />
        <Dependent key="12" type="10" schemaName="bpf_incident_new_vipsecurityincidentworkflow" displayName="bpf_incident_new_vipsecurityincidentworkflow" parentSchemaName="new_vipsecurityincidentworkflow" parentDisplayName="VIP Security Incident Workflow" />
      </MissingDependency>
      <MissingDependency>
        <Required key="51" type="2" schemaName="isescalated" displayName="Is Escalated" parentSchemaName="incident" parentDisplayName="Case" solution="msdynce_Service (9.0.5.56)" />
        <Dependent key="7" type="60" displayName="VIP Security Incident" parentDisplayName="Case" id="{e62b22e3-ee2a-4c72-a5b5-e4b4640acbda}" />
      </MissingDependency>
      <MissingDependency>
        <Required key="52" type="2" schemaName="incidentid" displayName="Case" parentSchemaName="incident" parentDisplayName="Case" solution="msdynce_Service (9.0.5.56)" />
        <Dependent key="10" type="29" displayName="VIP Security Incident Workflow" id="{e94dfc7d-fcbb-4260-83c3-2d1b09d892c1}" />
      </MissingDependency>
      <MissingDependency>
        <Required key="53" type="2" schemaName="followupby" displayName="Follow Up By" parentSchemaName="incident" parentDisplayName="Case" solution="msdynce_Service (9.0.5.56)" />
        <Dependent key="53" type="2" schemaName="followupby" displayName="Follow Up By" parentSchemaName="incident" parentDisplayName="Case" />
      </MissingDependency>
      <MissingDependency>
        <Required key="25" type="2" schemaName="title" displayName="Case Title" parentSchemaName="incident" parentDisplayName="Case" solution="msdynce_Service (9.0.5.56)" />
        <Dependent key="9" type="29" displayName="Case Creation - Trigger VIP Action Business Process Flow" id="{b5c7ad29-aab6-4f2b-9d9c-2920b63f5ccf}" />
      </MissingDependency>
      <MissingDependency>
        <Required key="52" type="2" schemaName="incidentid" displayName="Case" parentSchemaName="incident" parentDisplayName="Case" solution="msdynce_Service (9.0.5.56)" />
        <Dependent key="9" type="29" displayName="Case Creation - Trigger VIP Action Business Process Flow" id="{b5c7ad29-aab6-4f2b-9d9c-2920b63f5ccf}" />
      </MissingDependency>
      <MissingDependency>
        <Required key="25" type="2" schemaName="title" displayName="Case Title" parentSchemaName="incident" parentDisplayName="Case" solution="msdynce_Service (9.0.5.56)" />
        <Dependent key="10" type="29" displayName="VIP Security Incident Workflow" id="{e94dfc7d-fcbb-4260-83c3-2d1b09d892c1}" />
      </MissingDependency>
      <MissingDependency>
        <Required key="52" type="2" schemaName="incidentid" displayName="Case" parentSchemaName="incident" parentDisplayName="Case" solution="msdynce_Service (9.0.5.56)" />
        <Dependent key="11" type="26" schemaName="Active VIP Security Incident Workflow on my Cases" displayName="Active VIP Security Incident Workflow on my Cases" parentSchemaName="new_vipsecurityincidentworkflow" parentDisplayName="VIP Security Incident Workflow" id="{a745cbea-921b-4c86-b45e-dea0c73eddbd}" />
      </MissingDependency>
      <MissingDependency>
        <Required key="37" type="2" schemaName="ownerid" displayName="Owner" parentSchemaName="incident" parentDisplayName="Case" solution="msdynce_Service (9.0.5.56)" />
        <Dependent key="11" type="26" schemaName="Active VIP Security Incident Workflow on my Cases" displayName="Active VIP Security Incident Workflow on my Cases" parentSchemaName="new_vipsecurityincidentworkflow" parentDisplayName="VIP Security Incident Workflow" id="{a745cbea-921b-4c86-b45e-dea0c73eddbd}" />
      </MissingDependency>
      <MissingDependency>
        <Required key="52" type="2" schemaName="incidentid" displayName="Case" parentSchemaName="incident" parentDisplayName="Case" solution="msdynce_Service (9.0.5.56)" />
        <Dependent key="12" type="10" schemaName="bpf_incident_new_vipsecurityincidentworkflow" displayName="bpf_incident_new_vipsecurityincidentworkflow" parentSchemaName="new_vipsecurityincidentworkflow" parentDisplayName="VIP Security Incident Workflow" />
      </MissingDependency>
      <MissingDependency>
        <Required key="52" type="2" schemaName="incidentid" displayName="Case" parentSchemaName="incident" parentDisplayName="Case" solution="msdynce_Service (9.0.5.56)" />
        <Dependent key="14" type="26" schemaName="Inactive VIP Security Incident Workflow on my Cases" displayName="Inactive VIP Security Incident Workflow on my Cases" parentSchemaName="new_vipsecurityincidentworkflow" parentDisplayName="VIP Security Incident Workflow" id="{6aafc936-f2bb-40be-a0ff-b580c0e55816}" />
      </MissingDependency>
      <MissingDependency>
        <Required key="37" type="2" schemaName="ownerid" displayName="Owner" parentSchemaName="incident" parentDisplayName="Case" solution="msdynce_Service (9.0.5.56)" />
        <Dependent key="14" type="26" schemaName="Inactive VIP Security Incident Workflow on my Cases" displayName="Inactive VIP Security Incident Workflow on my Cases" parentSchemaName="new_vipsecurityincidentworkflow" parentDisplayName="VIP Security Incident Workflow" id="{6aafc936-f2bb-40be-a0ff-b580c0e55816}" />
      </MissingDependency>
      <MissingDependency>
        <Required key="54" type="10" schemaName="msdyn_incident_msdyn_workorder_ServiceRequest" displayName="msdyn_incident_msdyn_workorder_ServiceRequest" parentSchemaName="msdyn_workorder" parentDisplayName="Work Order" solution="FieldService (7.5.0.60)" />
        <Dependent key="7" type="60" displayName="VIP Security Incident" parentDisplayName="Case" id="{e62b22e3-ee2a-4c72-a5b5-e4b4640acbda}" />
      </MissingDependency>
      <MissingDependency>
        <Required key="55" type="26" schemaName="Associated Cases" displayName="Associated Cases" parentSchemaName="incident" parentDisplayName="Case" solution="msdynce_Service (9.0.5.56)" id="{72210bbb-d9d5-42df-8efd-39395a3cd7a7}" />
        <Dependent key="7" type="60" displayName="VIP Security Incident" parentDisplayName="Case" id="{e62b22e3-ee2a-4c72-a5b5-e4b4640acbda}" />
      </MissingDependency>
      <MissingDependency>
        <Required key="56" type="26" schemaName="Associated Knowledge Records View" displayName="Associated Knowledge Records View" parentSchemaName="knowledgearticleincident" parentDisplayName="Knowledge Article Incident" solution="msdynce_Service (9.0.5.56)" id="{4ce7d553-9bba-4d8f-b209-899af9d3937c}" />
        <Dependent key="7" type="60" displayName="VIP Security Incident" parentDisplayName="Case" id="{e62b22e3-ee2a-4c72-a5b5-e4b4640acbda}" />
      </MissingDependency>
      <MissingDependency>
        <Required key="57" type="26" schemaName="Valid Entitlements for Cases" displayName="Valid Entitlements for Cases" parentSchemaName="entitlement" parentDisplayName="Entitlement" solution="msdynce_Service (9.0.5.56)" id="{e7ea283b-0490-4956-939b-3325e0798fb8}" />
        <Dependent key="7" type="60" displayName="VIP Security Incident" parentDisplayName="Case" id="{e62b22e3-ee2a-4c72-a5b5-e4b4640acbda}" />
      </MissingDependency>
      <MissingDependency>
        <Required key="58" type="26" schemaName="Contract Line With Allotments" displayName="Contract Line With Allotments" parentSchemaName="contractdetail" parentDisplayName="Contract Line" solution="msdynce_Service (9.0.5.56)" id="{8fa2705c-7e4c-4c0e-b611-4593b35a4c9e}" />
        <Dependent key="7" type="60" displayName="VIP Security Incident" parentDisplayName="Case" id="{e62b22e3-ee2a-4c72-a5b5-e4b4640acbda}" />
      </MissingDependency>
      <MissingDependency>
        <Required key="59" type="26" schemaName="Active Products Lookup View" displayName="Active Products Lookup View" parentSchemaName="product" parentDisplayName="Product" solution="msdynce_ProductManagement (9.0.4.0066)" id="{58afc3c5-8add-4552-98cb-473bc8f75619}" />
        <Dependent key="7" type="60" displayName="VIP Security Incident" parentDisplayName="Case" id="{e62b22e3-ee2a-4c72-a5b5-e4b4640acbda}" />
      </MissingDependency>
      <MissingDependency>
        <Required key="60" type="26" schemaName="Active Contracts" displayName="Active Contracts" parentSchemaName="contract" parentDisplayName="Contract" solution="msdynce_Service (9.0.5.56)" id="{646de3ee-ebfb-4d19-8a44-4a619505e188}" />
        <Dependent key="7" type="60" displayName="VIP Security Incident" parentDisplayName="Case" id="{e62b22e3-ee2a-4c72-a5b5-e4b4640acbda}" />
      </MissingDependency>
      <MissingDependency>
        <Required key="61" type="29" displayName="Agreement Business Process" solution="FieldService (7.5.0.60)" id="{baa0a411-a239-410c-b8bd-ed8b5fdd88e3}" />
        <Dependent key="13" type="80" schemaName="new_DynamicsIR" displayName="Dynamics IR" />
      </MissingDependency>
      <MissingDependency>
        <Required key="62" type="60" displayName="Case Reference Panel" parentDisplayName="Case" solution="msdynce_Service (9.0.5.56)" id="{8ed8553f-b520-4fe3-b2e7-59eef8301486}" />
        <Dependent key="13" type="80" schemaName="new_DynamicsIR" displayName="Dynamics IR" />
      </MissingDependency>
      <MissingDependency>
        <Required key="63" type="60" displayName="First Response SLA" parentDisplayName="SLA KPI Instance" solution="msdynce_ServiceLevelAgreement (2.0.1.0014)" id="{ede9dac3-e143-4be4-acc8-237309e31210}" />
        <Dependent key="7" type="60" displayName="VIP Security Incident" parentDisplayName="Case" id="{e62b22e3-ee2a-4c72-a5b5-e4b4640acbda}" />
      </MissingDependency>
      <MissingDependency>
        <Required key="64" type="60" displayName="Case Quick Create" parentDisplayName="Case" solution="msdynce_Service (9.0.5.56)" id="{8e10b902-0b3e-441c-8b12-88e6c1793848}" />
        <Dependent key="13" type="80" schemaName="new_DynamicsIR" displayName="Dynamics IR" />
      </MissingDependency>
      <MissingDependency>
        <Required key="65" type="60" displayName="Resolve By SLA" parentDisplayName="SLA KPI Instance" solution="msdynce_ServiceLevelAgreement (2.0.1.0014)" id="{19b14c51-3d43-4d56-ab34-49c540bf468c}" />
        <Dependent key="7" type="60" displayName="VIP Security Incident" parentDisplayName="Case" id="{e62b22e3-ee2a-4c72-a5b5-e4b4640acbda}" />
      </MissingDependency>
      <MissingDependency>
        <Required key="66" type="66" schemaName="MscrmControls.OptionSet.OptionSetControl" displayName="MscrmControls.OptionSet.OptionSetControl" solution="CustomControlsCore (9.1.0000.4832)" />
        <Dependent key="7" type="60" displayName="VIP Security Incident" parentDisplayName="Case" id="{e62b22e3-ee2a-4c72-a5b5-e4b4640acbda}" />
      </MissingDependency>
      <MissingDependency>
        <Required key="67" type="61" schemaName="msdyn_/Utils/head.js" displayName="msdyn_/Utils/head.js" solution="FieldService (7.5.0.60)" />
        <Dependent key="7" type="60" displayName="VIP Security Incident" parentDisplayName="Case" id="{e62b22e3-ee2a-4c72-a5b5-e4b4640acbda}" />
      </MissingDependency>
      <MissingDependency>
        <Required key="68" type="61" schemaName="msdyn_/Images/AppModule_Default_Icon.png" displayName="msdyn_/Images/AppModule_Default_Icon.png" solution="AppModuleWebResources (2.5)" />
        <Dependent key="13" type="80" schemaName="new_DynamicsIR" displayName="Dynamics IR" />
      </MissingDependency>
      <MissingDependency>
        <Required key="69" type="61" schemaName="msdyn_/Case/Case.Library.js" displayName="msdyn_/Case/Case.Library.js" solution="FieldService (7.5.0.60)" />
        <Dependent key="7" type="60" displayName="VIP Security Incident" parentDisplayName="Case" id="{e62b22e3-ee2a-4c72-a5b5-e4b4640acbda}" />
      </MissingDependency>
    </MissingDependencies>
  </SolutionManifest>
</ImportExportXml>